priority,work_package_id,deliverable,implementation_status,evidence_path,evidence_status,recommended_next_action,note
P2,WP10,robustness matrix,implemented_proxy,outputs/phase13/experiment_run_summary.csv; outputs/phase13/experiment_profile_robustness_summary.csv,present,Document assumptions and add sensitivity/holdout validation before using for promotion.,Pre-registered experiment rows have deterministic proxy smoke and execution-profile robustness ledgers; full robustness validation is not acceptance-grade yet.
P2,WP10,strategy performance reports,implemented_proxy,outputs/phase16/phase16_metrics_reporting_report.md,present,Document assumptions and add sensitivity/holdout validation before using for promotion.,Proxy performance report exists.
P2,WP10,synthetic realism dashboard,implemented_proxy,outputs/dashboard/synthetic_l2_validation_dashboard.html,present,Document assumptions and add sensitivity/holdout validation before using for promotion.,"Static validation dashboard exists over Phase 14-17 quality, holdout-generator realism, acceptance, metrics and gap evidence."
P2,WP2,MLOFI,implemented_proxy,outputs/phase11/strategy_feature_availability.csv,present,Document assumptions and add sensitivity/holdout validation before using for promotion.,MLOFI strategy support is proxy-level.
P2,WP2,book shape,implemented_proxy,outputs/phase9/tier_c/features_5m.parquet,present,Document assumptions and add sensitivity/holdout validation before using for promotion.,Book-shape proxies are available in 5-minute features.
P2,WP2,liquidity withdrawal,implemented_proxy,outputs/phase11/strategy_feature_availability.csv,present,Document assumptions and add sensitivity/holdout validation before using for promotion.,Liquidity-withdrawal features are proxy-supported.
P2,WP2,replenishment,implemented_proxy,outputs/phase1/event_reconstruction/event_reconstruction_summary.csv,present,Document assumptions and add sensitivity/holdout validation before using for promotion.,Visible-depth replenishment proxies are reconstructed from received market-by-price deltas with ambiguity flags.
P2,WP2,trade classification,implemented_proxy,outputs/phase1/event_reconstruction/event_reconstruction_quality.csv,present,Document assumptions and add sensitivity/holdout validation before using for promotion.,Weak aggressor-side labels are summarized with explicit inference-quality limits; not exchange aggressor truth.
P2,WP3,shock injector,implemented_proxy,outputs/phase7/shock_library.csv,present,Document assumptions and add sensitivity/holdout validation before using for promotion.,Shock library exists; injector is represented by generated shock annotations.
P2,WP4,correlation controls,implemented_proxy,outputs/phase7/shock_day_summary.csv,present,Document assumptions and add sensitivity/holdout validation before using for promotion.,Market/ticker shock grouping provides proxy correlation controls.
P2,WP4,jump process,implemented_proxy,outputs/phase7/shock_library.csv,present,Document assumptions and add sensitivity/holdout validation before using for promotion.,Jump/shock events are registered.
P2,WP4,market/sector/ticker factors,implemented_proxy,outputs/phase5/price_paths_5m.parquet,present,Document assumptions and add sensitivity/holdout validation before using for promotion.,Synthetic price paths include cross-sectional structure proxies.
P2,WP4,stochastic volatility,implemented_proxy,outputs/phase5/daily_price_summary.csv,present,Document assumptions and add sensitivity/holdout validation before using for promotion.,Volatility regime effects are represented at proxy level.
P2,WP5,activity seasonality,implemented_proxy,outputs/phase8/feed_profile_summary.csv,present,Document assumptions and add sensitivity/holdout validation before using for promotion.,Feed/event profiles carry activity-seasonality effects.
P2,WP5,additions/cancellations/trades,implemented_proxy,outputs/phase1/event_reconstruction/event_reconstruction_quality.csv,present,Document assumptions and add sensitivity/holdout validation before using for promotion.,Add/cancel/consume proxies are explicitly summarized from visible quantity deltas and volume increments; individual-order causality remains unavailable.
P2,WP5,resilience,implemented_proxy,outputs/phase6/l2_book_summary.csv,present,Document assumptions and add sensitivity/holdout validation before using for promotion.,Spread/depth structural checks exist.
P2,WP5,spread/depth dynamics,implemented_proxy,outputs/phase6/l2_book_states_5m.parquet,present,Document assumptions and add sensitivity/holdout validation before using for promotion.,Spread/depth dynamics are generated at 5-minute granularity.
P2,WP6,asynchronous ticker stream,implemented_proxy,outputs/phase8/retail_feed_observations.parquet,present,Document assumptions and add sensitivity/holdout validation before using for promotion.,Per-symbol retail feed observations are asynchronous proxies.
P2,WP6,reconnects,implemented_proxy,outputs/phase8/feed_profile_summary.csv,present,Document assumptions and add sensitivity/holdout validation before using for promotion.,Disconnect/reconnect proxy states exist.
P2,WP7,compression benchmark,implemented_proxy,outputs/phase10/size_estimates.csv,present,Document assumptions and add sensitivity/holdout validation before using for promotion.,Compression/size estimates exist; full benchmark matrix is not exhaustive.
P2,WP7,raw/delta/resampled Parquet,implemented_proxy,outputs/phase9/tier_d/resampled_features_15m.parquet,present,Document assumptions and add sensitivity/holdout validation before using for promotion.,"Raw synthetic, compact state, 5-minute features and a 15-minute resampled feature panel exist; exact tick-delta resampling remains not acceptance-grade."
P2,WP8,event-driven engine,implemented_proxy,outputs/phase12/event_backtest_order_summary.csv,present,Document assumptions and add sensitivity/holdout validation before using for promotion.,"Event-driven order lifecycle proxy covers signal, submission, arrival, fill/reject and P&L/risk update over sampled Phase 12 trade events."
P2,WP8,fees,implemented_proxy,outputs/phase12/cost_schedule.csv; outputs/phase12/charge_component_catalog.csv; outputs/phase12/representative_charge_scenarios.csv,present,Document assumptions and add sensitivity/holdout validation before using for promotion.,Zerodha-sourced equity intraday charge formulas are applied to retail/stressed P&L proxy rows with representative order-notional scenarios retained for audit; broker contract-note reconciliation is still missing.
P2,WP8,latency,implemented_proxy,outputs/phase12/execution_profiles.csv,present,Document assumptions and add sensitivity/holdout validation before using for promotion.,Latency profiles are applied.
P2,WP8,market and limit orders,implemented_proxy,outputs/phase12/order_model_catalog.csv,present,Document assumptions and add sensitivity/holdout validation before using for promotion.,"Market, marketable-limit, passive-limit, cancel/replace, partial-fill and rejection scenarios are cataloged and exercised as proxy order models."
P2,WP8,partial fills,implemented_proxy,outputs/phase12_order_lifecycle/partial_fill_summary.csv,present,Document assumptions and add sensitivity/holdout validation before using for promotion.,Deterministic partial-fill and queue-position bucket proxy exists over the sampled Phase 12 trade ledger.
P2,WP8,risk controls,implemented_proxy,outputs/phase12/full_run_risk_summary.csv; outputs/phase12/full_run_lifecycle_risk_summary.csv; outputs/phase12/full_run_lifecycle_daily_risk_summary.csv; outputs/phase12_order_lifecycle/risk_control_summary.csv,present,Document assumptions and add sensitivity/holdout validation before using for promotion.,Full-run marketable-proxy risk diagnostics now include fill-adjusted lifecycle and daily risk summaries across all simulated trades; broker/exchange fill-adjusted acceptance evidence remains missing.
P2,WP8,slippage,implemented_proxy,outputs/phase12/cost_schedule.csv,present,Document assumptions and add sensitivity/holdout validation before using for promotion.,Fixed slippage ticks are modeled as a proxy.
P2,WP9,S01-S11 modules,implemented_proxy,outputs/phase11/strategy_module_registry.csv,present,Document assumptions and add sensitivity/holdout validation before using for promotion.,S01-S11 have explicit module registry rows; S10/S11 are non-alpha execution/risk-filter modules and no strategy is promotion-ready.
P2,WP9,baseline strategies,implemented_proxy,outputs/phase11/baseline_strategy_matrix.csv,present,Document assumptions and add sensitivity/holdout validation before using for promotion.,Baseline registry exists.
P2,WP9,parameter registry,implemented_proxy,outputs/phase13/parameter_grid.csv,present,Document assumptions and add sensitivity/holdout validation before using for promotion.,Initial parameter grid exists.
P2,WP9,shared feature interface,implemented_proxy,outputs/phase11/strategy_feature_availability.csv,present,Document assumptions and add sensitivity/holdout validation before using for promotion.,Strategy-feature availability matrix exists.
